Date/Time,Type,CO2 (ppm),Temp (C),Humidity (%),Source File
2024-12-02 01:22:39,Baseline,379.425,28.17,37.38,2_masks_12_1_24.txt
2024-12-02 01:22:40,Baseline,379.425,28.17,37.38,2_masks_12_1_24.txt
2024-12-02 01:22:38,Baseline,380.875,28.21,37.41,2_masks_12_1_24.txt
2024-12-02 01:18:24,Baseline,420.265,24.66,40.22,2_masks_12_1_24.txt
2024-12-02 01:18:25,Baseline,420.265,24.66,40.22,2_masks_12_1_24.txt
2024-12-02 01:18:23,Baseline,422.5475,24.65,39.16,2_masks_12_1_24.txt
2024-12-02 01:49:00,Baseline,583.2475,26.63,33.18,1.txt
2024-12-02 01:49:01,Baseline,583.2475,26.63,33.18,1.txt
2024-12-02 01:49:00,Baseline,583.2475,26.63,33.18,1_mask_12_1_24.txt
2024-12-02 01:49:01,Baseline,583.2475,26.63,33.18,1_mask_12_1_24.txt
2024-12-02 01:49:02,Baseline,602.9075,26.51,33.77,1.txt
2024-12-02 01:49:02,Baseline,602.9075,26.51,33.77,1_mask_12_1_24.txt
2024-12-02 01:49:17,Baseline,634.3575,24.79,33.56,1.txt
2024-12-02 01:49:17,Baseline,634.3575,24.79,33.56,1_mask_12_1_24.txt
2024-12-02 01:49:16,Baseline,646.9525,24.89,32.68,1.txt
2024-12-02 01:49:16,Baseline,646.9525,24.89,32.68,1_mask_12_1_24.txt
2024-12-02 01:49:15,Baseline,768.125,24.86,32.12,1.txt
2024-12-02 01:49:15,Baseline,768.125,24.86,32.12,1_mask_12_1_24.txt
2024-12-02 01:22:59,End of Breath IN,1261.28,28.51,50.18,2_masks_12_1_24.txt
2024-12-02 01:23:00,End of Breath IN,1261.28,28.51,50.18,2_masks_12_1_24.txt
2024-12-02 01:30:39,End of Breath IN,1445.4025,34.4,61.76,2_masks_12_1_24.txt
2024-12-02 01:30:40,End of Breath IN,1445.4025,34.4,61.76,2_masks_12_1_24.txt
2024-12-02 01:22:58,End of Breath IN,1451.2375,28.52,49.74,2_masks_12_1_24.txt
2024-12-02 01:24:37,End of Breath IN,1628.7325,32.56,60.65,2_masks_12_1_24.txt
2024-12-02 01:30:38,End of Breath IN,1698.0625,34.4,60.68,2_masks_12_1_24.txt
2024-12-02 01:19:58,End of Breath IN,1704.22,26.81,73.32,2_masks_12_1_24.txt
2024-12-02 01:24:35,End of Breath IN,1922.225,32.66,64.58,2_masks_12_1_24.txt
2024-12-02 01:24:36,End of Breath IN,1922.225,32.66,64.58,2_masks_12_1_24.txt
2024-12-02 01:55:41,End of Breath IN,1950.32,33.22,51.73,1.txt
2024-12-02 01:55:42,End of Breath IN,1950.32,33.22,51.73,1.txt
2024-12-02 01:55:41,End of Breath IN,1950.32,33.22,51.73,1_mask_12_1_24.txt
2024-12-02 01:55:42,End of Breath IN,1950.32,33.22,51.73,1_mask_12_1_24.txt
2024-12-02 01:32:15,End of Breath IN,2083.1975,34.02,41.44,2_masks_12_1_24.txt
2024-12-02 01:32:16,End of Breath IN,2083.1975,34.02,41.44,2_masks_12_1_24.txt
2024-12-02 01:55:39,End of Breath IN,2170.845,33.26,53.6,1.txt
2024-12-02 01:55:39,End of Breath IN,2170.845,33.26,53.6,1_mask_12_1_24.txt
2024-12-02 01:33:22,End of Breath IN,2360.0875,34.06,50.26,2_masks_12_1_24.txt
2024-12-02 01:56:50,End of Breath IN,2426.145,33.63,62.86,1.txt
2024-12-02 01:56:50,End of Breath IN,2426.145,33.63,62.86,1_mask_12_1_24.txt
2024-12-02 01:32:14,End of Breath IN,2645.4775,34.35,51.06,2_masks_12_1_24.txt
2024-12-02 02:01:26,End of Breath IN,2645.53,33.63,54.22,1.txt
2024-12-02 02:01:27,End of Breath IN,2645.53,33.63,54.22,1.txt
2024-12-02 02:01:26,End of Breath IN,2645.53,33.63,54.22,1_mask_12_1_24.txt
2024-12-02 02:01:27,End of Breath IN,2645.53,33.63,54.22,1_mask_12_1_24.txt
2024-12-02 01:24:11,End of Breath IN,2649.6625,31.89,61.8,2_masks_12_1_24.txt
2024-12-02 01:24:12,End of Breath IN,2649.6625,31.89,61.8,2_masks_12_1_24.txt
2024-12-02 01:51:42,End of Breath IN,2731.5975,30.71,66.36,1.txt
2024-12-02 01:51:42,End of Breath IN,2731.5975,30.71,66.36,1_mask_12_1_24.txt
2024-12-02 02:03:10,End of Breath IN,2759.055,33.53,54.83,1.txt
2024-12-02 02:03:10,End of Breath IN,2759.055,33.53,54.83,1_mask_12_1_24.txt
2024-12-02 01:56:10,End of Breath IN,2795.315,33.16,59.64,1.txt
2024-12-02 01:56:10,End of Breath IN,2795.315,33.16,59.64,1_mask_12_1_24.txt
2024-12-02 01:33:21,End of Breath IN,2826.255,34.03,46.83,2_masks_12_1_24.txt
2024-12-02 01:51:11,End of Breath IN,2883.61,30.05,68.62,1.txt
2024-12-02 01:51:12,End of Breath IN,2883.61,30.05,68.62,1.txt
2024-12-02 01:51:11,End of Breath IN,2883.61,30.05,68.62,1_mask_12_1_24.txt
2024-12-02 01:51:12,End of Breath IN,2883.61,30.05,68.62,1_mask_12_1_24.txt
2024-12-02 01:56:48,End of Breath IN,2928.77,33.63,60.35,1.txt
2024-12-02 01:56:49,End of Breath IN,2928.77,33.63,60.35,1.txt
2024-12-02 01:56:48,End of Breath IN,2928.77,33.63,60.35,1_mask_12_1_24.txt
2024-12-02 01:56:49,End of Breath IN,2928.77,33.63,60.35,1_mask_12_1_24.txt
2024-12-02 01:52:32,End of Breath IN,2961.585,31.69,60.95,1.txt
2024-12-02 01:52:32,End of Breath IN,2961.585,31.69,60.95,1_mask_12_1_24.txt
2024-12-02 02:01:25,End of Breath IN,3073.48,33.7,56.56,1.txt
2024-12-02 02:01:25,End of Breath IN,3073.48,33.7,56.56,1_mask_12_1_24.txt
2024-12-02 02:03:09,End of Breath IN,3073.8525,33.52,51.99,1.txt
2024-12-02 02:03:09,End of Breath IN,3073.8525,33.52,51.99,1_mask_12_1_24.txt
2024-12-02 02:05:38,End of Breath IN,3098.0325,33.96,52.94,1.txt
2024-12-02 02:05:39,End of Breath IN,3098.0325,33.96,52.94,1.txt
2024-12-02 02:05:38,End of Breath IN,3098.0325,33.96,52.94,1_mask_12_1_24.txt
2024-12-02 02:05:39,End of Breath IN,3098.0325,33.96,52.94,1_mask_12_1_24.txt
2024-12-02 02:04:08,End of Breath IN,3154.445,33.86,45.66,1.txt
2024-12-02 02:04:08,End of Breath IN,3154.445,33.86,45.66,1_mask_12_1_24.txt
2024-12-02 02:05:13,End of Breath IN,3189.29,34.02,54.14,1.txt
2024-12-02 02:05:13,End of Breath IN,3189.29,34.02,54.14,1_mask_12_1_24.txt
2024-12-02 01:31:39,End of Breath IN,3287.4575,34.24,52.25,2_masks_12_1_24.txt
2024-12-02 01:31:40,End of Breath IN,3287.4575,34.24,52.25,2_masks_12_1_24.txt
2024-12-02 01:26:05,End of Breath IN,3331.65,32.71,51.2,2_masks_12_1_24.txt
2024-12-02 01:33:20,End of Breath IN,3362.03,34.11,48.25,2_masks_12_1_24.txt
2024-12-02 02:04:38,End of Breath IN,3399.585,33.93,55.18,1.txt
2024-12-02 02:04:39,End of Breath IN,3399.585,33.93,55.18,1.txt
2024-12-02 02:04:38,End of Breath IN,3399.585,33.93,55.18,1_mask_12_1_24.txt
2024-12-02 02:04:39,End of Breath IN,3399.585,33.93,55.18,1_mask_12_1_24.txt
2024-12-02 02:02:17,End of Breath IN,3405.35,33.12,48.39,1.txt
2024-12-02 02:02:18,End of Breath IN,3405.35,33.12,48.39,1.txt
2024-12-02 02:02:17,End of Breath IN,3405.35,33.12,48.39,1_mask_12_1_24.txt
2024-12-02 02:02:18,End of Breath IN,3405.35,33.12,48.39,1_mask_12_1_24.txt
2024-12-02 01:28:20,End of Breath IN,3420.0525,33.7,50.73,2_masks_12_1_24.txt
2024-12-02 01:28:21,End of Breath IN,3420.0525,33.7,50.73,2_masks_12_1_24.txt
2024-12-02 02:02:43,End of Breath IN,3430.345,33.73,57.3,1.txt
2024-12-02 02:02:43,End of Breath IN,3430.345,33.73,57.3,1_mask_12_1_24.txt
2024-12-02 02:03:08,End of Breath IN,3432.795,33.52,51.72,1.txt
2024-12-02 02:03:08,End of Breath IN,3432.795,33.52,51.72,1_mask_12_1_24.txt
2024-12-02 02:04:06,End of Breath IN,3458.005,34,51.38,1.txt
2024-12-02 02:04:07,End of Breath IN,3458.005,34,51.38,1.txt
2024-12-02 02:04:06,End of Breath IN,3458.005,34,51.38,1_mask_12_1_24.txt
2024-12-02 02:04:07,End of Breath IN,3458.005,34,51.38,1_mask_12_1_24.txt
2024-12-02 01:58:14,End of Breath IN,3499.56,33.96,58.22,1.txt
2024-12-02 01:58:14,End of Breath IN,3499.56,33.96,58.22,1_mask_12_1_24.txt
2024-12-02 01:58:45,End of Breath IN,3541.87,34.03,58.04,1.txt
2024-12-02 01:58:45,End of Breath IN,3541.87,34.03,58.04,1_mask_12_1_24.txt
2024-12-02 02:05:37,End of Breath IN,3548.33,34.04,64.81,1.txt
2024-12-02 02:05:37,End of Breath IN,3548.33,34.04,64.81,1_mask_12_1_24.txt
2024-12-02 01:52:11,End of Breath IN,3605.825,31.31,64.77,1.txt
2024-12-02 01:52:12,End of Breath IN,3605.825,31.31,64.77,1.txt
2024-12-02 01:52:11,End of Breath IN,3605.825,31.31,64.77,1_mask_12_1_24.txt
2024-12-02 01:52:12,End of Breath IN,3605.825,31.31,64.77,1_mask_12_1_24.txt
2024-12-02 02:05:12,End of Breath IN,3695.2625,34.06,57.06,1.txt
2024-12-02 02:05:12,End of Breath IN,3695.2625,34.06,57.06,1_mask_12_1_24.txt
2024-12-02 01:29:49,End of Breath IN,3701.9825,34.53,63.93,2_masks_12_1_24.txt
2024-12-02 02:01:55,End of Breath IN,3753.1475,33.32,52.11,1.txt
2024-12-02 02:01:56,End of Breath IN,3753.1475,33.32,52.11,1.txt
2024-12-02 02:01:55,End of Breath IN,3753.1475,33.32,52.11,1_mask_12_1_24.txt
2024-12-02 02:01:56,End of Breath IN,3753.1475,33.32,52.11,1_mask_12_1_24.txt
2024-12-02 01:57:45,End of Breath IN,3823.495,33.52,61.2,1.txt
2024-12-02 01:57:45,End of Breath IN,3823.495,33.52,61.2,1_mask_12_1_24.txt
2024-12-02 01:51:40,End of Breath IN,3838.46,31.07,77.98,1.txt
2024-12-02 01:51:41,End of Breath IN,3838.46,31.07,77.98,1.txt
2024-12-02 01:51:40,End of Breath IN,3838.46,31.07,77.98,1_mask_12_1_24.txt
2024-12-02 01:51:41,End of Breath IN,3838.46,31.07,77.98,1_mask_12_1_24.txt
2024-12-02 01:59:11,End of Breath IN,3850.135,33.73,54.23,1.txt
2024-12-02 01:59:11,End of Breath IN,3850.135,33.73,54.23,1_mask_12_1_24.txt
2024-12-02 02:04:36,End of Breath IN,3872.3225,33.97,55.21,1.txt
2024-12-02 02:04:36,End of Breath IN,3872.3225,33.97,55.21,1_mask_12_1_24.txt
2024-12-02 01:26:03,End of Breath IN,3887.24,32.73,48.75,2_masks_12_1_24.txt
2024-12-02 01:26:04,End of Breath IN,3887.24,32.73,48.75,2_masks_12_1_24.txt
2024-12-02 01:31:38,End of Breath IN,3905.155,34.33,49.95,2_masks_12_1_24.txt
2024-12-02 01:28:19,End of Breath IN,3953.6175,33.7,46.85,2_masks_12_1_24.txt
2024-12-02 02:02:41,End of Breath IN,4028.4425,34.02,70.07,1.txt
2024-12-02 02:02:42,End of Breath IN,4028.4425,34.02,70.07,1.txt
2024-12-02 02:02:41,End of Breath IN,4028.4425,34.02,70.07,1_mask_12_1_24.txt
2024-12-02 02:02:42,End of Breath IN,4028.4425,34.02,70.07,1_mask_12_1_24.txt
2024-12-02 01:58:44,End of Breath IN,4042.9875,34.02,55.21,1.txt
2024-12-02 01:58:44,End of Breath IN,4042.9875,34.02,55.21,1_mask_12_1_24.txt
2024-12-02 01:35:12,End of Breath IN,4069.7,34.54,62.16,2_masks_12_1_24.txt
2024-12-02 01:29:47,End of Breath IN,4085.775,34.48,58.18,2_masks_12_1_24.txt
2024-12-02 01:29:48,End of Breath IN,4085.775,34.48,58.18,2_masks_12_1_24.txt
2024-12-02 02:05:11,End of Breath IN,4092.9575,34.13,63.77,1.txt
2024-12-02 02:05:11,End of Breath IN,4092.9575,34.13,63.77,1_mask_12_1_24.txt
2024-12-02 01:53:33,End of Breath IN,4146.5375,32.7,58.29,1.txt
2024-12-02 01:53:33,End of Breath IN,4146.5375,32.7,58.29,1_mask_12_1_24.txt
2024-12-02 02:02:16,End of Breath IN,4152.9475,33.04,47.64,1.txt
2024-12-02 02:02:16,End of Breath IN,4152.9475,33.04,47.64,1_mask_12_1_24.txt
2024-12-02 01:53:34,End of Breath IN,4171.69,32.7,58.05,1.txt
2024-12-02 01:53:35,End of Breath IN,4171.69,32.7,58.05,1.txt
2024-12-02 01:53:34,End of Breath IN,4171.69,32.7,58.05,1_mask_12_1_24.txt
2024-12-02 01:53:35,End of Breath IN,4171.69,32.7,58.05,1_mask_12_1_24.txt
2024-12-02 01:58:12,End of Breath IN,4204.015,33.96,58.89,1.txt
2024-12-02 01:58:13,End of Breath IN,4204.015,33.96,58.89,1.txt
2024-12-02 01:58:12,End of Breath IN,4204.015,33.96,58.89,1_mask_12_1_24.txt
2024-12-02 01:58:13,End of Breath IN,4204.015,33.96,58.89,1_mask_12_1_24.txt
2024-12-02 01:31:09,End of Breath IN,4216.6775,34.31,46.28,2_masks_12_1_24.txt
2024-12-02 01:31:10,End of Breath IN,4216.6775,34.31,46.28,2_masks_12_1_24.txt
2024-12-02 01:56:08,End of Breath IN,4243.8425,33.16,57.61,1.txt
2024-12-02 01:56:09,End of Breath IN,4243.8425,33.16,57.61,1.txt
2024-12-02 01:56:08,End of Breath IN,4243.8425,33.16,57.61,1_mask_12_1_24.txt
2024-12-02 01:56:09,End of Breath IN,4243.8425,33.16,57.61,1_mask_12_1_24.txt
2024-12-02 01:52:58,End of Breath IN,4263.2625,32.24,55.34,1.txt
2024-12-02 01:52:58,End of Breath IN,4263.2625,32.24,55.34,1_mask_12_1_24.txt
2024-12-02 01:54:44,End of Breath IN,4281.6025,33.39,52.7,1.txt
2024-12-02 01:54:44,End of Breath IN,4281.6025,33.39,52.7,1_mask_12_1_24.txt
2024-12-02 01:26:50,End of Breath IN,4315.3925,33.46,48.55,2_masks_12_1_24.txt
2024-12-02 01:26:51,End of Breath IN,4315.3925,33.46,48.55,2_masks_12_1_24.txt
2024-12-02 01:57:43,End of Breath IN,4346.775,33.48,57.99,1.txt
2024-12-02 01:57:44,End of Breath IN,4346.775,33.48,57.99,1.txt
2024-12-02 01:57:43,End of Breath IN,4346.775,33.48,57.99,1_mask_12_1_24.txt
2024-12-02 01:57:44,End of Breath IN,4346.775,33.48,57.99,1_mask_12_1_24.txt
2024-12-02 01:55:07,End of Breath IN,4347.3325,33.45,54.9,1.txt
2024-12-02 01:55:08,End of Breath IN,4347.3325,33.45,54.9,1.txt
2024-12-02 01:55:07,End of Breath IN,4347.3325,33.45,54.9,1_mask_12_1_24.txt
2024-12-02 01:55:08,End of Breath IN,4347.3325,33.45,54.9,1_mask_12_1_24.txt
2024-12-02 02:01:54,End of Breath IN,4355.4125,33.32,48.33,1.txt
2024-12-02 02:01:54,End of Breath IN,4355.4125,33.32,48.33,1_mask_12_1_24.txt
2024-12-02 01:38:15,End of Breath IN,4358.6975,34.62,58.47,2_masks_12_1_24.txt
2024-12-02 02:03:37,End of Breath IN,4388.23,34.13,62.04,1.txt
2024-12-02 02:03:37,End of Breath IN,4388.23,34.13,62.04,1_mask_12_1_24.txt
2024-12-02 01:36:13,End of Breath IN,4411.455,34.35,59.03,2_masks_12_1_24.txt
2024-12-02 01:25:37,End of Breath IN,4428.7225,33.36,50.31,2_masks_12_1_24.txt
2024-12-02 01:25:38,End of Breath IN,4428.7225,33.36,50.31,2_masks_12_1_24.txt
2024-12-02 01:50:48,End of Breath IN,4453.865,29.92,72.5,1.txt
2024-12-02 01:50:48,End of Breath IN,4453.865,29.92,72.5,1_mask_12_1_24.txt
2024-12-02 01:23:24,End of Breath IN,4456.5275,29.75,64.98,2_masks_12_1_24.txt
2024-12-02 01:32:45,End of Breath IN,4466.9225,33.77,46.97,2_masks_12_1_24.txt
2024-12-02 01:32:46,End of Breath IN,4466.9225,33.77,46.97,2_masks_12_1_24.txt
2024-12-02 01:52:10,End of Breath IN,4498.2575,31.73,79.22,1.txt
2024-12-02 01:52:10,End of Breath IN,4498.2575,31.73,79.22,1_mask_12_1_24.txt
2024-12-02 02:00:17,End of Breath IN,4536.66,33.67,45.76,1.txt
2024-12-02 02:00:17,End of Breath IN,4536.66,33.67,45.76,1_mask_12_1_24.txt
2024-12-02 01:59:09,End of Breath IN,4596.9125,33.73,50.75,1.txt
2024-12-02 01:59:10,End of Breath IN,4596.9125,33.73,50.75,1.txt
2024-12-02 01:59:09,End of Breath IN,4596.9125,33.73,50.75,1_mask_12_1_24.txt
2024-12-02 01:59:10,End of Breath IN,4596.9125,33.73,50.75,1_mask_12_1_24.txt
2024-12-02 01:50:26,End of Breath IN,4604.4325,29.78,69.2,1.txt
2024-12-02 01:50:26,End of Breath IN,4604.4325,29.78,69.2,1_mask_12_1_24.txt
2024-12-02 01:24:10,End of Breath IN,4643.055,31.97,72.38,2_masks_12_1_24.txt
2024-12-02 01:31:08,End of Breath IN,4666.8575,34.4,46.56,2_masks_12_1_24.txt
2024-12-02 01:59:48,End of Breath IN,4671.055,33.65,48.89,1.txt
2024-12-02 01:59:49,End of Breath IN,4671.055,33.65,48.89,1.txt
2024-12-02 01:59:48,End of Breath IN,4671.055,33.65,48.89,1_mask_12_1_24.txt
2024-12-02 01:59:49,End of Breath IN,4671.055,33.65,48.89,1_mask_12_1_24.txt
2024-12-02 02:03:35,End of Breath IN,4769.7225,34.18,69.23,1.txt
2024-12-02 02:03:36,End of Breath IN,4769.7225,34.18,69.23,1.txt
2024-12-02 02:03:35,End of Breath IN,4769.7225,34.18,69.23,1_mask_12_1_24.txt
2024-12-02 02:03:36,End of Breath IN,4769.7225,34.18,69.23,1_mask_12_1_24.txt
2024-12-02 01:25:36,End of Breath IN,4788.005,33.45,55.13,2_masks_12_1_24.txt
2024-12-02 01:36:11,End of Breath IN,4801.0275,34.4,57.83,2_masks_12_1_24.txt
2024-12-02 01:36:12,End of Breath IN,4801.0275,34.4,57.83,2_masks_12_1_24.txt
2024-12-02 01:38:13,End of Breath IN,4807.565,34.77,69.49,2_masks_12_1_24.txt
2024-12-02 01:38:14,End of Breath IN,4807.565,34.77,69.49,2_masks_12_1_24.txt
2024-12-02 01:33:49,End of Breath IN,4831.6175,34.04,55.48,2_masks_12_1_24.txt
2024-12-02 01:33:50,End of Breath IN,4831.6175,34.04,55.48,2_masks_12_1_24.txt
2024-12-02 01:40:30,End of Breath IN,4855.5525,34.66,62.38,2_masks_12_1_24.txt
2024-12-02 01:40:31,End of Breath IN,4855.5525,34.66,62.38,2_masks_12_1_24.txt
2024-12-02 01:26:49,End of Breath IN,4885.045,33.59,59.49,2_masks_12_1_24.txt
2024-12-02 01:58:43,End of Breath IN,4899.6125,34.07,52.14,1.txt
2024-12-02 01:58:43,End of Breath IN,4899.6125,34.07,52.14,1_mask_12_1_24.txt
2024-12-02 01:37:11,End of Breath IN,4917.305,34.55,57.4,2_masks_12_1_24.txt
2024-12-02 01:35:10,End of Breath IN,4919.755,34.55,60.39,2_masks_12_1_24.txt
2024-12-02 01:35:11,End of Breath IN,4919.755,34.55,60.39,2_masks_12_1_24.txt
2024-12-02 02:00:16,End of Breath IN,4950.98,33.7,51.3,1.txt
2024-12-02 02:00:16,End of Breath IN,4950.98,33.7,51.3,1_mask_12_1_24.txt
2024-12-02 01:37:43,End of Breath IN,4979.8325,34.59,50.09,2_masks_12_1_24.txt
2024-12-02 01:37:44,End of Breath IN,4979.8325,34.59,50.09,2_masks_12_1_24.txt
2024-12-02 01:52:30,End of Breath IN,5009.4525,31.64,70.21,1.txt
2024-12-02 01:52:31,End of Breath IN,5009.4525,31.64,70.21,1.txt
2024-12-02 01:52:30,End of Breath IN,5009.4525,31.64,70.21,1_mask_12_1_24.txt
2024-12-02 01:52:31,End of Breath IN,5009.4525,31.64,70.21,1_mask_12_1_24.txt
2024-12-02 01:54:17,End of Breath IN,5062.2675,33.24,56.97,1.txt
2024-12-02 01:54:17,End of Breath IN,5062.2675,33.24,56.97,1_mask_12_1_24.txt
2024-12-02 01:23:48,End of Breath IN,5070.0675,31.2,60.15,2_masks_12_1_24.txt
2024-12-02 01:23:49,End of Breath IN,5070.0675,31.2,60.15,2_masks_12_1_24.txt
2024-12-02 02:00:52,End of Breath IN,5084.7775,33.92,53.44,1.txt
2024-12-02 02:00:52,End of Breath IN,5084.7775,33.92,53.44,1_mask_12_1_24.txt
2024-12-02 01:38:58,End of Breath IN,5143.2625,34.65,59.19,2_masks_12_1_24.txt
2024-12-02 01:38:59,End of Breath IN,5143.2625,34.65,59.19,2_masks_12_1_24.txt
2024-12-02 01:57:20,End of Breath IN,5226.2925,33.48,55.01,1.txt
2024-12-02 01:57:21,End of Breath IN,5226.2925,33.48,55.01,1.txt
2024-12-02 01:57:20,End of Breath IN,5226.2925,33.48,55.01,1_mask_12_1_24.txt
2024-12-02 01:57:21,End of Breath IN,5226.2925,33.48,55.01,1_mask_12_1_24.txt
2024-12-02 01:34:38,End of Breath IN,5281.8925,34.37,60.18,2_masks_12_1_24.txt
2024-12-02 01:34:39,End of Breath IN,5281.8925,34.37,60.18,2_masks_12_1_24.txt
2024-12-02 01:54:43,End of Breath IN,5392.9825,33.46,58.83,1.txt
2024-12-02 01:54:43,End of Breath IN,5392.9825,33.46,58.83,1_mask_12_1_24.txt
2024-12-02 01:37:42,End of Breath IN,5427.305,34.66,53.14,2_masks_12_1_24.txt
2024-12-02 02:00:15,End of Breath IN,5434.465,33.99,68.7,1.txt
2024-12-02 02:00:15,End of Breath IN,5434.465,33.99,68.7,1_mask_12_1_24.txt
2024-12-02 01:52:56,End of Breath IN,5438.33,32.28,63.06,1.txt
2024-12-02 01:52:57,End of Breath IN,5438.33,32.28,63.06,1.txt
2024-12-02 01:52:56,End of Breath IN,5438.33,32.28,63.06,1_mask_12_1_24.txt
2024-12-02 01:52:57,End of Breath IN,5438.33,32.28,63.06,1_mask_12_1_24.txt
2024-12-02 01:26:27,End of Breath IN,5449.3475,33.06,51.53,2_masks_12_1_24.txt
2024-12-02 01:27:42,End of Breath IN,5451.66,34.07,62.22,2_masks_12_1_24.txt
2024-12-02 01:27:43,End of Breath IN,5451.66,34.07,62.22,2_masks_12_1_24.txt
2024-12-02 01:59:46,End of Breath IN,5586.7575,33.63,46.1,1.txt
2024-12-02 01:59:46,End of Breath IN,5586.7575,33.63,46.1,1_mask_12_1_24.txt
2024-12-02 01:32:44,End of Breath IN,5687.2425,33.79,49.89,2_masks_12_1_24.txt
2024-12-02 01:39:18,End of Breath IN,5694.965,34.75,63.69,2_masks_12_1_24.txt
2024-12-02 01:39:19,End of Breath IN,5694.965,34.75,63.69,2_masks_12_1_24.txt
2024-12-02 01:30:03,End of Breath IN,5709.865,34.78,69.52,2_masks_12_1_24.txt
2024-12-02 01:54:15,End of Breath IN,5723.33,33.22,54.97,1.txt
2024-12-02 01:54:16,End of Breath IN,5723.33,33.22,56.97,1.txt
2024-12-02 01:54:15,End of Breath IN,5723.33,33.22,54.97,1_mask_12_1_24.txt
2024-12-02 01:54:16,End of Breath IN,5723.33,33.22,56.97,1_mask_12_1_24.txt
2024-12-02 02:00:49,End of Breath IN,5733.7575,33.93,54.64,1.txt
2024-12-02 02:00:51,End of Breath IN,5733.7575,33.93,54.64,1.txt
2024-12-02 02:00:49,End of Breath IN,5733.7575,33.93,54.64,1_mask_12_1_24.txt
2024-12-02 02:00:51,End of Breath IN,5733.7575,33.93,54.64,1_mask_12_1_24.txt
2024-12-02 01:34:36,End of Breath IN,5764.98,34.43,64.02,2_masks_12_1_24.txt
2024-12-02 01:40:29,End of Breath IN,5787.035,34.79,71.67,2_masks_12_1_24.txt
2024-12-02 01:55:06,End of Breath IN,5810.035,33.62,62.99,1.txt
2024-12-02 01:55:06,End of Breath IN,5810.035,33.62,62.99,1_mask_12_1_24.txt
2024-12-02 01:26:25,End of Breath IN,5838.34,33.06,51.34,2_masks_12_1_24.txt
2024-12-02 01:26:26,End of Breath IN,5838.34,33.06,51.34,2_masks_12_1_24.txt
2024-12-02 01:51:10,End of Breath IN,5849.8375,30.11,74.2,1.txt
2024-12-02 01:51:10,End of Breath IN,5849.8375,30.11,74.2,1_mask_12_1_24.txt
2024-12-02 01:33:48,End of Breath IN,5912.08,34.4,73.46,2_masks_12_1_24.txt
2024-12-02 01:37:09,End of Breath IN,5920.6775,34.72,65.84,2_masks_12_1_24.txt
2024-12-02 01:37:10,End of Breath IN,5920.6775,34.72,65.84,2_masks_12_1_24.txt
2024-12-02 01:57:18,End of Breath IN,5922.305,33.52,52.6,1.txt
2024-12-02 01:57:18,End of Breath IN,5922.305,33.52,52.6,1_mask_12_1_24.txt
2024-12-02 01:38:57,End of Breath IN,6070.1975,34.68,61.87,2_masks_12_1_24.txt
2024-12-02 01:36:39,End of Breath IN,6134.705,34.27,47.93,2_masks_12_1_24.txt
2024-12-02 01:27:41,End of Breath IN,6404.5375,34.14,70.78,2_masks_12_1_24.txt
2024-12-02 01:39:17,End of Breath IN,6460.8375,34.96,75.8,2_masks_12_1_24.txt
2024-12-02 01:29:16,End of Breath IN,6517.5725,33.92,50.28,2_masks_12_1_24.txt
2024-12-02 01:36:37,End of Breath IN,6574.8475,34.4,56.2,2_masks_12_1_24.txt
2024-12-02 01:36:38,End of Breath IN,6574.8475,34.4,56.2,2_masks_12_1_24.txt
2024-12-02 01:30:02,End of Breath IN,6643.66,34.86,78.44,2_masks_12_1_24.txt
2024-12-02 01:23:22,End of Breath IN,6664.2425,29.74,69.08,2_masks_12_1_24.txt
2024-12-02 01:23:23,End of Breath IN,6664.2425,29.74,69.08,2_masks_12_1_24.txt
2024-12-02 01:50:47,End of Breath IN,6677.36,30.01,79.76,1.txt
2024-12-02 01:50:47,End of Breath IN,6677.36,30.01,79.76,1_mask_12_1_24.txt
2024-12-02 01:50:24,End of Breath IN,6873.6975,30.02,73.99,1.txt
2024-12-02 01:50:25,End of Breath IN,6873.6975,30.02,73.99,1.txt
2024-12-02 01:50:24,End of Breath IN,6873.6975,30.02,73.99,1_mask_12_1_24.txt
2024-12-02 01:50:25,End of Breath IN,6873.6975,30.02,73.99,1_mask_12_1_24.txt
2024-12-02 01:29:14,End of Breath IN,7135.7075,34.24,62.19,2_masks_12_1_24.txt
2024-12-02 01:29:15,End of Breath IN,7135.7075,34.24,62.19,2_masks_12_1_24.txt
2024-12-02 01:54:42,End of Breath IN,7358.2275,33.46,58.83,1.txt
2024-12-02 01:54:42,End of Breath IN,7358.2275,33.46,58.83,1_mask_12_1_24.txt
2024-12-02 01:57:12,End of Breath IN,7685.4275,33.75,68.45,1.txt
2024-12-02 01:57:12,End of Breath IN,7685.4275,33.75,68.45,1_mask_12_1_24.txt
2024-12-02 01:23:47,End of Breath IN,8174.185,31.22,67.05,2_masks_12_1_24.txt
2024-12-02 01:30:01,End of Breath IN,8727.1625,34.98,86.48,2_masks_12_1_24.txt
2024-12-02 01:57:10,End of Breath IN,9005.8425,34.21,88.05,1.txt
2024-12-02 01:57:11,End of Breath IN,9005.8425,34.21,88.05,1.txt
2024-12-02 01:57:10,End of Breath IN,9005.8425,34.21,88.05,1_mask_12_1_24.txt
2024-12-02 01:57:11,End of Breath IN,9005.8425,34.21,88.05,1_mask_12_1_24.txt
2024-12-02 02:01:48,End of Breath IN,9564.715,34.38,85.42,1.txt
2024-12-02 02:01:49,End of Breath IN,9564.715,34.38,85.42,1.txt
2024-12-02 02:01:48,End of Breath IN,9564.715,34.38,85.42,1_mask_12_1_24.txt
2024-12-02 02:01:49,End of Breath IN,9564.715,34.38,85.42,1_mask_12_1_24.txt
2024-12-02 01:50:46,End of Breath IN,9917.5125,32.1,94.4,1.txt
2024-12-02 01:50:46,End of Breath IN,9917.5125,32.1,94.4,1_mask_12_1_24.txt
2024-12-02 02:01:47,End of Breath IN,10000,34.45,88.44,1.txt
2024-12-02 02:01:47,End of Breath IN,10000,34.45,88.44,1_mask_12_1_24.txt
2024-12-02 01:27:13,End of Breath IN,10000,34.34,89.53,2_masks_12_1_24.txt
2024-12-02 01:52:01,End of Breath OUT,2731.5975,30.71,66.36,1.txt
2024-12-02 01:52:02,End of Breath OUT,2731.5975,30.71,66.36,1.txt
2024-12-02 01:52:03,End of Breath OUT,2731.5975,30.71,66.36,1.txt
2024-12-02 01:52:01,End of Breath OUT,2731.5975,30.71,66.36,1_mask_12_1_24.txt
2024-12-02 01:52:02,End of Breath OUT,2731.5975,30.71,66.36,1_mask_12_1_24.txt
2024-12-02 01:52:03,End of Breath OUT,2731.5975,30.71,66.36,1_mask_12_1_24.txt
2024-12-02 01:26:15,End of Breath OUT,3331.65,32.71,51.2,2_masks_12_1_24.txt
2024-12-02 01:32:09,End of Breath OUT,3976.355,34.69,62.48,2_masks_12_1_24.txt
2024-12-02 01:36:30,End of Breath OUT,4411.455,34.35,59.03,2_masks_12_1_24.txt
2024-12-02 01:32:07,End of Breath OUT,4688.7,34.72,67.58,2_masks_12_1_24.txt
2024-12-02 01:32:08,End of Breath OUT,4688.7,34.72,67.58,2_masks_12_1_24.txt
2024-12-02 01:25:04,End of Breath OUT,4848.76,33.42,76.08,2_masks_12_1_24.txt
2024-12-02 01:51:34,End of Breath OUT,4866.605,31.97,96.26,1.txt
2024-12-02 01:51:34,End of Breath OUT,4866.605,31.97,96.26,1_mask_12_1_24.txt
2024-12-02 01:51:32,End of Breath OUT,5489.175,32.07,96.13,1.txt
2024-12-02 01:51:33,End of Breath OUT,5489.175,32.07,96.13,1.txt
2024-12-02 01:51:32,End of Breath OUT,5489.175,32.07,96.13,1_mask_12_1_24.txt
2024-12-02 01:51:33,End of Breath OUT,5489.175,32.07,96.13,1_mask_12_1_24.txt
2024-12-02 01:38:43,End of Breath OUT,5893.9775,34.91,79.27,2_masks_12_1_24.txt
2024-12-02 01:36:04,End of Breath OUT,5974.035,34.69,76.29,2_masks_12_1_24.txt
2024-12-02 01:50:14,End of Breath OUT,6142.0675,30.77,95.07,1.txt
2024-12-02 01:50:14,End of Breath OUT,6142.0675,30.77,95.07,1_mask_12_1_24.txt
2024-12-02 01:36:02,End of Breath OUT,6339.54,34.82,80.71,2_masks_12_1_24.txt
2024-12-02 01:25:03,End of Breath OUT,6346.7875,33.48,81.97,2_masks_12_1_24.txt
2024-12-02 02:00:09,End of Breath OUT,6473.11,34.28,83.41,1.txt
2024-12-02 02:00:09,End of Breath OUT,6473.11,34.28,83.41,1_mask_12_1_24.txt
2024-12-02 01:38:09,End of Breath OUT,6780.775,34.95,75.72,2_masks_12_1_24.txt
2024-12-02 01:28:09,End of Breath OUT,6844.2675,34.65,76.51,2_masks_12_1_24.txt
2024-12-02 01:38:42,End of Breath OUT,6852.595,34.96,81.14,2_masks_12_1_24.txt
2024-12-02 02:00:08,End of Breath OUT,6920.975,34.3,79.93,1.txt
2024-12-02 02:00:08,End of Breath OUT,6920.975,34.3,79.93,1_mask_12_1_24.txt
2024-12-02 01:36:05,End of Breath OUT,7066.4125,34.78,78.38,2_masks_12_1_24.txt
2024-12-02 01:38:48,End of Breath OUT,7071.585,35.13,84.21,2_masks_12_1_24.txt
2024-12-02 01:38:07,End of Breath OUT,7181.92,35.03,82.44,2_masks_12_1_24.txt
2024-12-02 01:38:08,End of Breath OUT,7181.92,35.03,82.44,2_masks_12_1_24.txt
2024-12-02 01:25:56,End of Breath OUT,7505.5975,33.14,76.32,2_masks_12_1_24.txt
2024-12-02 01:25:54,End of Breath OUT,7531.915,33.14,78.47,2_masks_12_1_24.txt
2024-12-02 01:25:55,End of Breath OUT,7531.915,33.14,78.47,2_masks_12_1_24.txt
2024-12-02 01:53:15,End of Breath OUT,7598.155,33.15,92.81,1.txt
2024-12-02 01:53:15,End of Breath OUT,7598.155,33.15,92.81,1_mask_12_1_24.txt
2024-12-02 01:50:12,End of Breath OUT,7673.5925,31.06,95.8,1.txt
2024-12-02 01:50:13,End of Breath OUT,7673.5925,31.06,95.8,1.txt
2024-12-02 01:50:12,End of Breath OUT,7673.5925,31.06,95.8,1_mask_12_1_24.txt
2024-12-02 01:50:13,End of Breath OUT,7673.5925,31.06,95.8,1_mask_12_1_24.txt
2024-12-02 01:28:07,End of Breath OUT,7701.86,34.68,77.19,2_masks_12_1_24.txt
2024-12-02 01:28:08,End of Breath OUT,7701.86,34.68,77.19,2_masks_12_1_24.txt
2024-12-02 01:38:40,End of Breath OUT,7705.585,34.92,83.74,2_masks_12_1_24.txt
2024-12-02 01:25:28,End of Breath OUT,7761.8425,33.63,75.6,2_masks_12_1_24.txt
2024-12-02 01:25:29,End of Breath OUT,7761.8425,33.63,75.6,2_masks_12_1_24.txt
2024-12-02 01:51:00,End of Breath OUT,7789.235,32.38,94.96,1.txt
2024-12-02 01:51:01,End of Breath OUT,7789.235,32.38,94.96,1.txt
2024-12-02 01:51:00,End of Breath OUT,7789.235,32.38,94.96,1_mask_12_1_24.txt
2024-12-02 01:51:01,End of Breath OUT,7789.235,32.38,94.96,1_mask_12_1_24.txt
2024-12-02 02:00:07,End of Breath OUT,7835.655,34.23,80.34,1.txt
2024-12-02 02:00:07,End of Breath OUT,7835.655,34.23,80.34,1_mask_12_1_24.txt
2024-12-02 01:25:27,End of Breath OUT,7994.6925,33.66,74.8,2_masks_12_1_24.txt
2024-12-02 01:52:21,End of Breath OUT,8097.365,33.93,90.93,1.txt
2024-12-02 01:52:21,End of Breath OUT,8097.365,33.93,90.93,1_mask_12_1_24.txt
2024-12-02 01:51:03,End of Breath OUT,8115.225,32.03,95.39,1.txt
2024-12-02 01:51:03,End of Breath OUT,8115.225,32.03,95.39,1_mask_12_1_24.txt
2024-12-02 01:37:34,End of Breath OUT,8200.905,35.01,76.27,2_masks_12_1_24.txt
2024-12-02 01:37:35,End of Breath OUT,8200.905,35.01,76.27,2_masks_12_1_24.txt
2024-12-02 01:32:02,End of Breath OUT,8231.185,34.89,77.95,2_masks_12_1_24.txt
2024-12-02 02:00:40,End of Breath OUT,8486.8075,34.2,81.14,1.txt
2024-12-02 02:00:40,End of Breath OUT,8486.8075,34.2,81.14,1_mask_12_1_24.txt
2024-12-02 01:34:28,End of Breath OUT,8533.9375,34.57,83.34,2_masks_12_1_24.txt
2024-12-02 01:34:29,End of Breath OUT,8533.9375,34.57,83.34,2_masks_12_1_24.txt
2024-12-02 02:00:38,End of Breath OUT,8594.2275,34.15,78.7,1.txt
2024-12-02 02:00:39,End of Breath OUT,8594.2275,34.15,78.7,1.txt
2024-12-02 02:00:38,End of Breath OUT,8594.2275,34.15,78.7,1_mask_12_1_24.txt
2024-12-02 02:00:39,End of Breath OUT,8594.2275,34.15,78.7,1_mask_12_1_24.txt
2024-12-02 01:23:36,End of Breath OUT,8613.2525,32.67,93.87,2_masks_12_1_24.txt
2024-12-02 01:23:38,End of Breath OUT,8613.81,32.51,94.52,2_masks_12_1_24.txt
2024-12-02 01:23:39,End of Breath OUT,8613.81,32.51,94.52,2_masks_12_1_24.txt
2024-12-02 02:05:04,End of Breath OUT,8631.1875,34.38,78.74,1.txt
2024-12-02 02:05:04,End of Breath OUT,8631.1875,34.38,78.74,1_mask_12_1_24.txt
2024-12-02 01:38:05,End of Breath OUT,8631.29,35.05,83.37,2_masks_12_1_24.txt
2024-12-02 01:54:03,End of Breath OUT,8634.05,34.14,91.19,1.txt
2024-12-02 01:54:04,End of Breath OUT,8634.05,34.14,91.19,1.txt
2024-12-02 01:54:03,End of Breath OUT,8634.05,34.14,91.19,1_mask_12_1_24.txt
2024-12-02 01:54:04,End of Breath OUT,8634.05,34.14,91.19,1_mask_12_1_24.txt
2024-12-02 01:24:02,End of Breath OUT,8635.7175,33.26,94.45,2_masks_12_1_24.txt
2024-12-02 01:24:03,End of Breath OUT,8635.7175,33.26,94.45,2_masks_12_1_24.txt
2024-12-02 02:02:30,End of Breath OUT,8725.185,34.25,92.1,1.txt
2024-12-02 02:02:31,End of Breath OUT,8725.185,34.25,92.1,1.txt
2024-12-02 02:02:30,End of Breath OUT,8725.185,34.25,92.1,1_mask_12_1_24.txt
2024-12-02 02:02:31,End of Breath OUT,8725.185,34.25,92.1,1_mask_12_1_24.txt
2024-12-02 01:39:43,End of Breath OUT,8838.215,35.02,83.33,2_masks_12_1_24.txt
2024-12-02 01:39:44,End of Breath OUT,8838.215,35.02,83.33,2_masks_12_1_24.txt
2024-12-02 01:34:27,End of Breath OUT,8839.6675,34.55,84.95,2_masks_12_1_24.txt
2024-12-02 01:39:42,End of Breath OUT,8950.595,34.98,81.55,2_masks_12_1_24.txt
2024-12-02 02:05:26,End of Breath OUT,8958.535,34.41,84.67,1.txt
2024-12-02 02:05:27,End of Breath OUT,8958.535,34.41,84.67,1.txt
2024-12-02 02:05:26,End of Breath OUT,8958.535,34.41,84.67,1_mask_12_1_24.txt
2024-12-02 02:05:27,End of Breath OUT,8958.535,34.41,84.67,1_mask_12_1_24.txt
2024-12-02 01:38:49,End of Breath OUT,8968.53,35.17,87.66,2_masks_12_1_24.txt
2024-12-02 01:24:01,End of Breath OUT,9001.9725,33.49,93.54,2_masks_12_1_24.txt
2024-12-02 01:58:03,End of Breath OUT,9006.885,34.2,90.25,1.txt
2024-12-02 01:58:04,End of Breath OUT,9006.885,34.2,90.25,1.txt
2024-12-02 01:58:03,End of Breath OUT,9006.885,34.2,90.25,1_mask_12_1_24.txt
2024-12-02 01:58:04,End of Breath OUT,9006.885,34.2,90.25,1_mask_12_1_24.txt
2024-12-02 01:37:33,End of Breath OUT,9017.555,34.99,76.96,2_masks_12_1_24.txt
2024-12-02 02:02:07,End of Breath OUT,9129.2725,34.34,92.65,1.txt
2024-12-02 02:02:07,End of Breath OUT,9129.2725,34.34,92.65,1_mask_12_1_24.txt
2024-12-02 01:53:13,End of Breath OUT,9163.66,33.28,93.91,1.txt
2024-12-02 01:53:13,End of Breath OUT,9163.66,33.28,93.91,1_mask_12_1_24.txt
2024-12-02 01:59:20,End of Breath OUT,9205.825,34.48,91.88,1.txt
2024-12-02 01:59:20,End of Breath OUT,9205.825,34.48,91.88,1_mask_12_1_24.txt
2024-12-02 02:02:05,End of Breath OUT,9287.415,34.45,93.43,1.txt
2024-12-02 02:02:06,End of Breath OUT,9287.415,34.45,93.43,1.txt
2024-12-02 02:02:05,End of Breath OUT,9287.415,34.45,93.43,1_mask_12_1_24.txt
2024-12-02 02:02:06,End of Breath OUT,9287.415,34.45,93.43,1_mask_12_1_24.txt
2024-12-02 02:02:29,End of Breath OUT,9534.1375,34.08,93.73,1.txt
2024-12-02 02:02:29,End of Breath OUT,9534.1375,34.08,93.73,1_mask_12_1_24.txt
2024-12-02 01:58:25,End of Breath OUT,9542.5475,34.4,91.63,1.txt
2024-12-02 01:58:26,End of Breath OUT,9542.5475,34.4,91.63,1.txt
2024-12-02 01:58:25,End of Breath OUT,9542.5475,34.4,91.63,1_mask_12_1_24.txt
2024-12-02 01:58:26,End of Breath OUT,9542.5475,34.4,91.63,1_mask_12_1_24.txt
2024-12-02 01:59:21,End of Breath OUT,9546.09,34.47,92.56,1.txt
2024-12-02 01:59:22,End of Breath OUT,9546.09,34.47,92.56,1.txt
2024-12-02 01:59:21,End of Breath OUT,9546.09,34.47,92.56,1_mask_12_1_24.txt
2024-12-02 01:59:22,End of Breath OUT,9546.09,34.47,92.56,1_mask_12_1_24.txt
2024-12-02 01:40:45,End of Breath OUT,9642.465,35.2,87.98,2_masks_12_1_24.txt
2024-12-02 01:40:46,End of Breath OUT,9642.465,35.2,87.98,2_masks_12_1_24.txt
2024-12-02 01:58:27,End of Breath OUT,9683.2325,34.43,88.34,1.txt
2024-12-02 01:58:27,End of Breath OUT,9683.2325,34.43,88.34,1_mask_12_1_24.txt
2024-12-02 01:53:12,End of Breath OUT,9695.84,33.19,94.66,1.txt
2024-12-02 01:53:12,End of Breath OUT,9695.84,33.19,94.66,1_mask_12_1_24.txt
2024-12-02 02:01:11,End of Breath OUT,9763.195,34.41,82.95,1.txt
2024-12-02 02:01:11,End of Breath OUT,9763.195,34.41,82.95,1_mask_12_1_24.txt
2024-12-02 01:58:02,End of Breath OUT,9809.5225,34.25,91.81,1.txt
2024-12-02 01:58:02,End of Breath OUT,9809.5225,34.25,91.81,1_mask_12_1_24.txt
2024-12-02 01:35:32,End of Breath OUT,9843.835,34.99,79.6,2_masks_12_1_24.txt
2024-12-02 01:50:38,End of Breath OUT,9917.5125,32.1,94.4,1.txt
2024-12-02 01:50:39,End of Breath OUT,9917.5125,32.1,94.4,1.txt
2024-12-02 01:50:38,End of Breath OUT,9917.5125,32.1,94.4,1_mask_12_1_24.txt
2024-12-02 01:50:39,End of Breath OUT,9917.5125,32.1,94.4,1_mask_12_1_24.txt
2024-12-02 01:54:33,End of Breath OUT,9981.0275,33.92,92.11,1.txt
2024-12-02 01:54:34,End of Breath OUT,9981.0275,33.92,89.49,1.txt
2024-12-02 01:54:33,End of Breath OUT,9981.0275,33.92,92.11,1_mask_12_1_24.txt
2024-12-02 01:54:34,End of Breath OUT,9981.0275,33.92,89.49,1_mask_12_1_24.txt
2024-12-02 01:57:29,End of Breath OUT,9996.75,34.61,93.38,1.txt
2024-12-02 01:57:29,End of Breath OUT,9996.75,34.61,93.38,1_mask_12_1_24.txt
2024-12-02 01:57:27,End of Breath OUT,9997.5975,34.53,91.28,1.txt
2024-12-02 01:57:28,End of Breath OUT,9997.5975,34.53,91.28,1.txt
2024-12-02 01:57:27,End of Breath OUT,9997.5975,34.53,91.28,1_mask_12_1_24.txt
2024-12-02 01:57:28,End of Breath OUT,9997.5975,34.53,91.28,1_mask_12_1_24.txt
2024-12-02 01:50:37,End of Breath OUT,10000,32.38,93.21,1.txt
2024-12-02 01:52:22,End of Breath OUT,10000,33.75,93.54,1.txt
2024-12-02 01:52:23,End of Breath OUT,10000,33.75,93.54,1.txt
2024-12-02 01:52:44,End of Breath OUT,10000,33.65,95.45,1.txt
2024-12-02 01:52:45,End of Breath OUT,10000,33.65,95.45,1.txt
2024-12-02 01:52:47,End of Breath OUT,10000,33.26,95.7,1.txt
2024-12-02 01:54:05,End of Breath OUT,10000,33.86,93.28,1.txt
2024-12-02 01:54:32,End of Breath OUT,10000,33.92,94.26,1.txt
2024-12-02 01:54:55,End of Breath OUT,10000,34.28,91.68,1.txt
2024-12-02 01:54:56,End of Breath OUT,10000,34.1,93.47,1.txt
2024-12-02 01:54:57,End of Breath OUT,10000,34,92.4,1.txt
2024-12-02 01:55:20,End of Breath OUT,10000,34.03,92.27,1.txt
2024-12-02 01:55:21,End of Breath OUT,10000,34.03,92.27,1.txt
2024-12-02 01:55:22,End of Breath OUT,10000,33.96,88.83,1.txt
2024-12-02 01:55:55,End of Breath OUT,10000,34.13,94.45,1.txt
2024-12-02 01:55:56,End of Breath OUT,10000,34.13,94.45,1.txt
2024-12-02 01:55:57,End of Breath OUT,10000,34.02,91.8,1.txt
2024-12-02 01:56:24,End of Breath OUT,10000,34.57,95.25,1.txt
2024-12-02 01:56:25,End of Breath OUT,10000,34.4,95.48,1.txt
2024-12-02 01:56:26,End of Breath OUT,10000,34.4,95.48,1.txt
2024-12-02 01:57:04,End of Breath OUT,10000,34.2,87.55,1.txt
2024-12-02 01:57:05,End of Breath OUT,10000,34.2,87.55,1.txt
2024-12-02 01:57:06,End of Breath OUT,10000,34.25,83.08,1.txt
2024-12-02 01:58:58,End of Breath OUT,10000,34.57,91.53,1.txt
2024-12-02 01:58:59,End of Breath OUT,10000,34.48,89.68,1.txt
2024-12-02 01:59:00,End of Breath OUT,10000,34.48,89.68,1.txt
2024-12-02 01:59:37,End of Breath OUT,10000,34.59,91.33,1.txt
2024-12-02 01:59:38,End of Breath OUT,10000,34.59,91.33,1.txt
2024-12-02 01:59:39,End of Breath OUT,10000,34.62,92.44,1.txt
2024-12-02 02:01:08,End of Breath OUT,10000,34.45,86.43,1.txt
2024-12-02 02:01:10,End of Breath OUT,10000,34.45,86.43,1.txt
2024-12-02 02:01:45,End of Breath OUT,10000,34.54,91.13,1.txt
2024-12-02 02:01:46,End of Breath OUT,10000,34.45,88.44,1.txt
2024-12-02 02:01:47,End of Breath OUT,10000,34.45,88.44,1.txt
2024-12-02 02:02:56,End of Breath OUT,10000,34.64,93.58,1.txt
2024-12-02 02:02:58,End of Breath OUT,10000,34.47,91.07,1.txt
2024-12-02 02:02:59,End of Breath OUT,10000,34.47,91.07,1.txt
2024-12-02 02:03:24,End of Breath OUT,10000,34.78,95.07,1.txt
2024-12-02 02:03:25,End of Breath OUT,10000,34.78,95.07,1.txt
2024-12-02 02:03:26,End of Breath OUT,10000,34.65,94.44,1.txt
2024-12-02 02:03:53,End of Breath OUT,10000,34.59,94.07,1.txt
2024-12-02 02:03:54,End of Breath OUT,10000,34.5,91.86,1.txt
2024-12-02 02:03:55,End of Breath OUT,10000,34.5,91.86,1.txt
2024-12-02 02:04:23,End of Breath OUT,10000,34.51,94.42,1.txt
2024-12-02 02:04:24,End of Breath OUT,10000,34.4,92.51,1.txt
2024-12-02 02:04:25,End of Breath OUT,10000,34.4,92.51,1.txt
2024-12-02 02:05:02,End of Breath OUT,10000,34.44,83.28,1.txt
2024-12-02 02:05:03,End of Breath OUT,10000,34.44,83.28,1.txt
2024-12-02 01:50:37,End of Breath OUT,10000,32.38,93.21,1_mask_12_1_24.txt
2024-12-02 01:52:22,End of Breath OUT,10000,33.75,93.54,1_mask_12_1_24.txt
2024-12-02 01:52:23,End of Breath OUT,10000,33.75,93.54,1_mask_12_1_24.txt
2024-12-02 01:52:44,End of Breath OUT,10000,33.65,95.45,1_mask_12_1_24.txt
2024-12-02 01:52:45,End of Breath OUT,10000,33.65,95.45,1_mask_12_1_24.txt
2024-12-02 01:52:47,End of Breath OUT,10000,33.26,95.7,1_mask_12_1_24.txt
2024-12-02 01:54:05,End of Breath OUT,10000,33.86,93.28,1_mask_12_1_24.txt
2024-12-02 01:54:32,End of Breath OUT,10000,33.92,94.26,1_mask_12_1_24.txt
2024-12-02 01:54:55,End of Breath OUT,10000,34.28,91.68,1_mask_12_1_24.txt
2024-12-02 01:54:56,End of Breath OUT,10000,34.1,93.47,1_mask_12_1_24.txt
2024-12-02 01:54:57,End of Breath OUT,10000,34,92.4,1_mask_12_1_24.txt
2024-12-02 01:55:20,End of Breath OUT,10000,34.03,92.27,1_mask_12_1_24.txt
2024-12-02 01:55:21,End of Breath OUT,10000,34.03,92.27,1_mask_12_1_24.txt
2024-12-02 01:55:22,End of Breath OUT,10000,33.96,88.83,1_mask_12_1_24.txt
2024-12-02 01:55:55,End of Breath OUT,10000,34.13,94.45,1_mask_12_1_24.txt
2024-12-02 01:55:56,End of Breath OUT,10000,34.13,94.45,1_mask_12_1_24.txt
2024-12-02 01:55:57,End of Breath OUT,10000,34.02,91.8,1_mask_12_1_24.txt
2024-12-02 01:56:24,End of Breath OUT,10000,34.57,95.25,1_mask_12_1_24.txt
2024-12-02 01:56:25,End of Breath OUT,10000,34.4,95.48,1_mask_12_1_24.txt
2024-12-02 01:56:26,End of Breath OUT,10000,34.4,95.48,1_mask_12_1_24.txt
2024-12-02 01:57:04,End of Breath OUT,10000,34.2,87.55,1_mask_12_1_24.txt
2024-12-02 01:57:05,End of Breath OUT,10000,34.2,87.55,1_mask_12_1_24.txt
2024-12-02 01:57:06,End of Breath OUT,10000,34.25,83.08,1_mask_12_1_24.txt
2024-12-02 01:58:58,End of Breath OUT,10000,34.57,91.53,1_mask_12_1_24.txt
2024-12-02 01:58:59,End of Breath OUT,10000,34.48,89.68,1_mask_12_1_24.txt
2024-12-02 01:59:00,End of Breath OUT,10000,34.48,89.68,1_mask_12_1_24.txt
2024-12-02 01:59:37,End of Breath OUT,10000,34.59,91.33,1_mask_12_1_24.txt
2024-12-02 01:59:38,End of Breath OUT,10000,34.59,91.33,1_mask_12_1_24.txt
2024-12-02 01:59:39,End of Breath OUT,10000,34.62,92.44,1_mask_12_1_24.txt
2024-12-02 02:01:08,End of Breath OUT,10000,34.45,86.43,1_mask_12_1_24.txt
2024-12-02 02:01:10,End of Breath OUT,10000,34.45,86.43,1_mask_12_1_24.txt
2024-12-02 02:01:45,End of Breath OUT,10000,34.54,91.13,1_mask_12_1_24.txt
2024-12-02 02:01:46,End of Breath OUT,10000,34.45,88.44,1_mask_12_1_24.txt
2024-12-02 02:01:47,End of Breath OUT,10000,34.45,88.44,1_mask_12_1_24.txt
2024-12-02 02:02:56,End of Breath OUT,10000,34.64,93.58,1_mask_12_1_24.txt
2024-12-02 02:02:58,End of Breath OUT,10000,34.47,91.07,1_mask_12_1_24.txt
2024-12-02 02:02:59,End of Breath OUT,10000,34.47,91.07,1_mask_12_1_24.txt
2024-12-02 02:03:24,End of Breath OUT,10000,34.78,95.07,1_mask_12_1_24.txt
2024-12-02 02:03:25,End of Breath OUT,10000,34.78,95.07,1_mask_12_1_24.txt
2024-12-02 02:03:26,End of Breath OUT,10000,34.65,94.44,1_mask_12_1_24.txt
2024-12-02 02:03:53,End of Breath OUT,10000,34.59,94.07,1_mask_12_1_24.txt
2024-12-02 02:03:54,End of Breath OUT,10000,34.5,91.86,1_mask_12_1_24.txt
2024-12-02 02:03:55,End of Breath OUT,10000,34.5,91.86,1_mask_12_1_24.txt
2024-12-02 02:04:23,End of Breath OUT,10000,34.51,94.42,1_mask_12_1_24.txt
2024-12-02 02:04:24,End of Breath OUT,10000,34.4,92.51,1_mask_12_1_24.txt
2024-12-02 02:04:25,End of Breath OUT,10000,34.4,92.51,1_mask_12_1_24.txt
2024-12-02 02:05:02,End of Breath OUT,10000,34.44,83.28,1_mask_12_1_24.txt
2024-12-02 02:05:03,End of Breath OUT,10000,34.44,83.28,1_mask_12_1_24.txt
2024-12-02 01:23:11,End of Breath OUT,10000,31.69,91.26,2_masks_12_1_24.txt
2024-12-02 01:23:12,End of Breath OUT,10000,31.69,91.26,2_masks_12_1_24.txt
2024-12-02 01:23:13,End of Breath OUT,10000,31.52,92.88,2_masks_12_1_24.txt
2024-12-02 01:24:22,End of Breath OUT,10000,33.83,94.44,2_masks_12_1_24.txt
2024-12-02 01:24:23,End of Breath OUT,10000,33.83,94.44,2_masks_12_1_24.txt
2024-12-02 01:24:25,End of Breath OUT,10000,33.67,94.96,2_masks_12_1_24.txt
2024-12-02 01:26:16,End of Breath OUT,10000,33.94,93.5,2_masks_12_1_24.txt
2024-12-02 01:26:17,End of Breath OUT,10000,33.94,93.5,2_masks_12_1_24.txt
2024-12-02 01:26:39,End of Breath OUT,10000,34.24,93.02,2_masks_12_1_24.txt
2024-12-02 01:26:40,End of Breath OUT,10000,34.15,92,2_masks_12_1_24.txt
2024-12-02 01:26:41,End of Breath OUT,10000,34.15,92,2_masks_12_1_24.txt
2024-12-02 01:27:05,End of Breath OUT,10000,34.41,91.36,2_masks_12_1_24.txt
2024-12-02 01:27:06,End of Breath OUT,10000,34.34,89.53,2_masks_12_1_24.txt
2024-12-02 01:27:07,End of Breath OUT,10000,34.34,89.53,2_masks_12_1_24.txt
2024-12-02 01:27:21,End of Breath OUT,10000,33.99,62.5,2_masks_12_1_24.txt
2024-12-02 01:27:22,End of Breath OUT,10000,33.99,62.5,2_masks_12_1_24.txt
2024-12-02 01:27:23,End of Breath OUT,10000,34.47,79.09,2_masks_12_1_24.txt
2024-12-02 01:27:31,End of Breath OUT,10000,34.15,72.91,2_masks_12_1_24.txt
2024-12-02 01:27:32,End of Breath OUT,10000,34.24,81.68,2_masks_12_1_24.txt
2024-12-02 01:27:33,End of Breath OUT,10000,34.24,81.68,2_masks_12_1_24.txt
2024-12-02 01:29:34,End of Breath OUT,10000,34.77,85.78,2_masks_12_1_24.txt
2024-12-02 01:29:35,End of Breath OUT,10000,34.74,83.77,2_masks_12_1_24.txt
2024-12-02 01:29:36,End of Breath OUT,10000,34.74,83.77,2_masks_12_1_24.txt
2024-12-02 01:30:18,End of Breath OUT,10000,35.01,86.12,2_masks_12_1_24.txt
2024-12-02 01:30:19,End of Breath OUT,10000,35.01,86.12,2_masks_12_1_24.txt
2024-12-02 01:30:20,End of Breath OUT,10000,34.96,83.82,2_masks_12_1_24.txt
2024-12-02 01:30:59,End of Breath OUT,10000,35.12,86.38,2_masks_12_1_24.txt
2024-12-02 01:31:00,End of Breath OUT,10000,35.02,84.08,2_masks_12_1_24.txt
2024-12-02 01:31:01,End of Breath OUT,10000,35.02,76.25,2_masks_12_1_24.txt
2024-12-02 01:31:24,End of Breath OUT,10000,35.17,91.69,2_masks_12_1_24.txt
2024-12-02 01:31:26,End of Breath OUT,10000,35.17,91.69,2_masks_12_1_24.txt
2024-12-02 01:31:27,End of Breath OUT,10000,35.13,89.6,2_masks_12_1_24.txt
2024-12-02 01:32:33,End of Breath OUT,10000,34.78,86.27,2_masks_12_1_24.txt
2024-12-02 01:32:34,End of Breath OUT,10000,34.78,86.27,2_masks_12_1_24.txt
2024-12-02 01:32:35,End of Breath OUT,10000,34.75,86.75,2_masks_12_1_24.txt
2024-12-02 01:33:03,End of Breath OUT,10000,34.82,91.41,2_masks_12_1_24.txt
2024-12-02 01:33:04,End of Breath OUT,10000,34.77,89.14,2_masks_12_1_24.txt
2024-12-02 01:33:05,End of Breath OUT,10000,34.75,86.63,2_masks_12_1_24.txt
2024-12-02 01:33:33,End of Breath OUT,10000,34.77,88.03,2_masks_12_1_24.txt
2024-12-02 01:33:34,End of Breath OUT,10000,34.79,86.43,2_masks_12_1_24.txt
2024-12-02 01:33:35,End of Breath OUT,10000,34.79,86.43,2_masks_12_1_24.txt
2024-12-02 01:35:00,End of Breath OUT,10000,35.02,87.44,2_masks_12_1_24.txt
2024-12-02 01:35:01,End of Breath OUT,10000,35.01,86.35,2_masks_12_1_24.txt
2024-12-02 01:35:02,End of Breath OUT,10000,35.01,86.35,2_masks_12_1_24.txt
2024-12-02 01:35:30,End of Breath OUT,10000,34.99,80.36,2_masks_12_1_24.txt
2024-12-02 01:35:31,End of Breath OUT,10000,34.99,80.36,2_masks_12_1_24.txt
2024-12-02 01:36:31,End of Breath OUT,10000,34.92,89.73,2_masks_12_1_24.txt
2024-12-02 01:36:32,End of Breath OUT,10000,34.92,89.73,2_masks_12_1_24.txt
2024-12-02 01:37:02,End of Breath OUT,10000,35.09,87.34,2_masks_12_1_24.txt
2024-12-02 01:37:03,End of Breath OUT,10000,35.13,86.04,2_masks_12_1_24.txt
2024-12-02 01:37:04,End of Breath OUT,10000,35.13,86.04,2_masks_12_1_24.txt
2024-12-02 01:38:50,End of Breath OUT,10000,35.16,87.31,2_masks_12_1_24.txt
2024-12-02 01:39:10,End of Breath OUT,10000,35.29,90.91,2_masks_12_1_24.txt
2024-12-02 01:39:12,End of Breath OUT,10000,35.19,89.45,2_masks_12_1_24.txt
2024-12-02 01:39:13,End of Breath OUT,10000,35.17,88.04,2_masks_12_1_24.txt
2024-12-02 01:40:19,End of Breath OUT,10000,35.05,88.87,2_masks_12_1_24.txt
2024-12-02 01:40:20,End of Breath OUT,10000,34.99,86.85,2_masks_12_1_24.txt
2024-12-02 01:40:21,End of Breath OUT,10000,34.99,86.85,2_masks_12_1_24.txt
2024-12-02 01:40:44,End of Breath OUT,10000,35.28,89.91,2_masks_12_1_24.txt
